"","name","found","family"
"3","ficuspseudotrigona","TRUE","Moraceae"
"4","doliocarpusdentatus","TRUE","Dilleniaceae "
"5","iriarteadeltoidea","TRUE","Arecaceae"
"6","combretumsp","TRUE","Combretaceae"
"7","ficusspsmall","TRUE","Moraceae"
"8","calycophyllumspruceanum","TRUE","Rubiaceae"
"9","gouanialupuloides","TRUE","Rhamnaceae"
"10","sapiummarmieri","TRUE","Euphorbiaceae"
"11","neeacfmacrophyllaarbol11941","TRUE","Nyctaginaceae"
"12","trichiliaelegans","TRUE","Meliaceae"
"13","celtisiguanaea","TRUE","Cannabaceae"
"14","mendonciahirsuta","TRUE","Acanthaceae"
"15","rinoreaviridifolia","TRUE","Violaceae"
"16","lonchocarpusspiciflorus","TRUE","Fabaceae"
"17","marsdeniasp","TRUE","Apocynaceae"
"18","abutagrandifolia","TRUE","Menispermaceae"
"19","diospyrospavonii","TRUE","Ebenaceae"
"20","mollinediasp","TRUE","Monimiaceae"
"21","quiinaperuviana","TRUE","Quiinaceae"
"22","heisteriaacuminata","TRUE","Olacaceae"
"23","maytenusmagnifolia","TRUE","Celastraceae"
"24","malmeadielsiana","TRUE","Annonaceae"
"25","chamadoreapinatifrons","TRUE","Arecaceae"
"26","combretumassimile","TRUE","Combretaceae"
"27","ficusparaensis","TRUE","Moraceae"
"28","manilkarainundata","TRUE","Sapotaceae"
"29","bauhiniasp1","TRUE","Fabaceae"
"30","caraipadensifolia","TRUE","Calophyllaceae"
"31","hyeronimalaxiflora","TRUE","Euphorbiaceae"
"32","ficuskillipii","TRUE","Moraceae"
"33","ficusspmedium","TRUE","Moraceae"
"34","ficusperforata","TRUE","Moraceae"
"35","ficuscitrifolia","TRUE","Moraceae"
"36","xylosmasp2","TRUE","Salicaceae"
"37","ficusmathewsii","TRUE","Moraceae"
"38","ficussp","TRUE","Moraceae"
"39","pseudolmedialaevis","TRUE","Moraceae"
"40","drypetesspmedium","TRUE","Putranjivaceae"
"41","ficusypsilophlebia","TRUE","Moraceae"
"42","xylosmaintermedium","TRUE","Salicaceae"
"43","bactrissimplicifrons","TRUE","Arecaceae"
"44","pipersp","TRUE","Piperaceae"
"45","lunaniaparvifolia","TRUE","Salicaceae"
"46","duguetiaquitarensis","TRUE","Annonaceae"
"47","astrocaryummurumuru","TRUE","Arecaceae"
"48","hasseltiafloribunda","TRUE","Salicaceae"
"49","cordiarf12097","TRUE","Boraginaceae"
"50","oxandraacuminata","TRUE","Annonaceae"
"51","trichiliapleeana","TRUE","Meliaceae"
"52","oxandraespintana","TRUE","Annonaceae"
"53","ficuspertusa","TRUE","Moraceae"
"54","ficuscfsanguinosa","TRUE","Moraceae"
"55","clarisiaracemosa","TRUE","Moraceae"
"56","psittacanthuscucullaris","TRUE","Loranthaceae"
"57","cissuspseudosicyoides","TRUE","Ulmaceae"
"58","chrysochlamysulei","TRUE","Clusiaceae"
"59","tetraceraparviflora","TRUE","Dilleniaceae "
"60","spondiasmombin","TRUE","Anacardiaceae"
"61","styloginecauliflora","TRUE","Primulaceae"
"62","ingachartacea","TRUE","Fabaceae"
"63","euterpeprecatoria","TRUE","Arecaceae"
"64","ficustrigona","TRUE","Moraceae"
"65","caryodaphopsisfosterii","TRUE","Lauraceae"
"66","brosimumalicastrum","TRUE","Moraceae"
"67","justiciaappendiculata","TRUE","Acanthaceae"
"68","iresinehassleriana","TRUE","Amaranthaceae"
"69","ficussp2","TRUE","Moraceae"
"70","myrciariaamazonica","TRUE","Myrtaceae"
"71","guazumacrinita","TRUE","Malvaceae"
"72","pouroumacecropiaefolia","TRUE","Urticaceae"
"74","cordiasp","TRUE","Boraginaceae"
"75","pseudomalmeadiclina","TRUE","Annonaceae"
"76","lecointeaamazonica","TRUE","Fabaceae"
"77","quararibeawittii","TRUE","Malvaceae"
"78","psychotriaviridis","TRUE","Rubiaceae"
"79","philodendronsp","TRUE","Araceae"
"80","trichostigmaoctandra","TRUE","Phytolaccaceae"
"81","maynaodorata","TRUE","Achariaceae"
"82","jacaratiadigitata","TRUE","Caricaceae"
"83","trichiliapoeppigii","TRUE","Meliaceae"
"84","paulliniahystrix","TRUE","Sapindaceae"
"85","pouteriaprocera","TRUE","Sapotaceae"
"87","allophylusscrobiculatus","TRUE","Sapindaceae"
"88","nectandrapulverulenta","TRUE","Lauraceae"
"89","peperomiasp1","TRUE","Piperaceae"
"90","ficussp1","TRUE","Moraceae"
"91","odontocaryaarifolia","TRUE","Menispermaceae"
"92","vitexcymosa","TRUE","Myristicaceae"
"93","perabenensis","TRUE","Peraceae"
"94","lueheacymulosa","TRUE","Malvaceae"
"95","virolasebifera","TRUE","Myristicaceae"
"96","stigmaphyllonsp1","TRUE","Malpighiaceae"
"97","marcgraviasp","TRUE","Marcgraviaceae"
"98","iryantherajuruensis","TRUE","Myristicaceae"
"99","drypetesamazonica","TRUE","Putranjivaceae"
"100","otobaparvifolia","TRUE","Myristicaceae"
"101","pouteriapariry","TRUE","Sapotaceae"
"102","aspidospermamegaphyllum","TRUE","Apocynaceae"
"103","machaeriumsp2","TRUE","Fabaceae"
"104","tetrapterissp","TRUE","Malpighiaceae"
"105","ficusmaxima","TRUE","Moraceae"
"106","virolacalophylla","TRUE","Myristicaceae"
"107","hyperbaenadominguensis","TRUE","Menispermaceae"
"108","apeibamembranacea","TRUE","Malvaceae"
"109","theobromacacao","TRUE","Malvaceae"
"110","anomospermumgrandifolium","TRUE","Menispermaceae"
"111","acaciasp1","TRUE","Fabaceae"
"112","banisteriopsissp","TRUE","Malpighiaceae"
"113","acaciasp","TRUE","Fabaceae"
"114","guareaguidonia","TRUE","Meliaceae"
"115","allophylusglabratus","TRUE","Sapindaceae"
"116","farameamultiflora","TRUE","Rubiaceae"
"117","odontocaryadiplobotria","TRUE","Menispermaceae"
"118","gallesiaintegrifolia","TRUE","Phytolaccaceae"
"119","securidacavolubilis","TRUE","Polygalaceae"
"120","rheediabrasiliensis","TRUE","Clusiaceae"
"121","souroubeasp","TRUE","Marcgraviaceae"
"122","terminaliaoblonga","TRUE","Combretaceae"
"123","guareamacrophylla","TRUE","Meliaceae"
"124","cordianodosa","TRUE","Boraginaceae"
"125","guatteriaacutissima","TRUE","Annonaceae"
"126","brunfelsiasp","TRUE","Solanaceae"
"127","bignoniaceaesp27","TRUE","Bignoniaceae"
"128","celtisschippii","TRUE","Cannabaceae"
"129","ampeloceraruizii","TRUE","Ulmaceae"
"130","thinouiaobliqua","TRUE","Sapindaceae"
"131","quararibeaochracalyx","TRUE","Malvaceae"
"132","guareakunthiana","TRUE","Meliaceae"
"133","cordiasp2","TRUE","Boraginaceae"
"134","neea5005","TRUE","Nyctaginaceae"
"135","crotontessmannii","TRUE","Euphorbiaceae"
"136","ingaacreana","TRUE","Fabaceae"
"137","attaleabutyracea","TRUE","Arecaceae"
"138","brosimumlactescens","TRUE","Moraceae"
"139","siparunasp2","TRUE","Siparunaceae"
"140","tetrapterissp1","TRUE","Malpighiaceae"
"141","caseariasp3","TRUE","Salicaceae"
"142","anthodondecussatum","TRUE","Celastraceae"
"143","stigmaphyllonsp2","TRUE","Malpighiaceae"
"144","picramniasp2","TRUE","Picramniaceae"
"145","ocoteacernua","TRUE","Lauraceae"
"146","cissusulmifolia","TRUE","Ulmaceae"
"147","byrsonimaarthropoda","TRUE","Malpighiaceae"
"148","cissuserosa","TRUE","Ulmaceae"
"149","bignoniaceaesp55","TRUE","Bignoniaceae"
"150","acaciasp16","TRUE","Fabaceae"
"151","combretumsp1","TRUE","Combretaceae"
"152","machaeriumsp1","TRUE","Fabaceae"
"153","ingaciliata","TRUE","Fabaceae"
"154","hiraeasp1","TRUE","Malpighiaceae"
"155","ficussp1","TRUE","Moraceae"
"156","mikaniasp","TRUE","Asteraceae"
"157","mascagniamacrophylla","TRUE","Malpighiaceae"
"158","agonandrabrasiliensis","TRUE","Opiliaceae"
"159","duguetiaspixiana","TRUE","Annonaceae"
"160","ruizodendronovale","TRUE","Annonaceae"
"161","smilaxsp2","TRUE","Smilacaceae"
"162","odontadeniasp","TRUE","Apocynaceae"
"163","mouririsp","TRUE","Melastomataceae"
"164","mabeamaynensis","TRUE","Euphorbiaceae"
"165","celtissp1","TRUE","Cannabaceae"
"166","loranthaceaesp2","TRUE","Loranthaceae"
"167","prunusvana","TRUE","Rosaceae"
"168","miconiaaffinis","TRUE","Melastomataceae"
"169","fabaceaesp2","TRUE","Fabaceae"
"170","mascagniadivaricata","TRUE","Malpighiaceae"
"172","huerteaglandulosa","TRUE","Staphyleaceae"
"175","prestoniasp2","TRUE","Apocynaceae"
"176","copaiferareticulata","TRUE","Fabaceae"
"178","acalyphasp","TRUE","Euphorbiaceae"
"179","strychnostarapotensis","TRUE","Loganiaceae"
"180","coussapoasp","TRUE","Urticaceae"
"181","chrysophyllumvenezuelanense","TRUE","Sapotaceae"
"182","paullinialargifolia","TRUE","Sapindaceae"
"183","sloaneaobtusifolia","TRUE","Elaeocarpaceae"
"184","chrysophyllumsp","TRUE","Sapotaceae"
"185","siparunadecipiens","TRUE","Siparunaceae"
"186","swieteniamacrophylla","TRUE","Meliaceae"
"187","ceibasamauma","TRUE","Malvaceae"
"188","miconiasp1","TRUE","Melastomataceae"
"189","orchidaceaesp1","TRUE","Orchidaceae"
"190","byttneriapescapraeifolia","TRUE","Malvaceae"
"191","calophyllumbrasiliense","TRUE","Calophyllaceae"
"192","ficusspbig","TRUE","Moraceae"
"193","guettardaaromatica","TRUE","Rubiaceae"
"194","cecropiaceasp1","TRUE","Urticaceae"
"195","trichiliamaynasiana","TRUE","Meliaceae"
"196","roureasp","TRUE","Connaraceae"
"197","aegiphilahaughtii","TRUE","Verbenaceae"
"198","dipteryxmicrantha","TRUE","Fabaceae"
"199","byttneriaasterotricha","TRUE","Malvaceae"
"200","borismenejapurensis","TRUE","Menispermaceae"
"201","lauraceaesp","TRUE","Lauraceae"
"202","sciadoteniatoxifera","TRUE","Menispermaceae"
"203","randiaarmata","TRUE","Rubiaceae"
"204","neeasp1","TRUE","Nyctaginaceae"
"206","pouteriapseudephedrantha","TRUE","Sapotaceae"
"207","zizyphuscinnamomum","TRUE","Rhamnaceae"
"208","ficusschulttesi","TRUE","Moraceae"
"209","clavijasp","TRUE","Primulaceae"
"210","bignoniaceaesp54","TRUE","Bignoniaceae"
"211","myrtaceaesp1","TRUE","Myrtaceae"
"212","sparantheliumtarapotanum","TRUE","Hernandiaceae"
"213","lauraceaesp2","TRUE","Lauraceae"
"214","hiperbaenadominguensis","TRUE","Menispermaceae"
"215","bignoniaceaesp28","TRUE","Bignoniaceae"
"216","ocoteaoblonga","TRUE","Lauraceae"
"217","pouroumaminor","TRUE","Urticaceae"
"218","mascagniasp2","TRUE","Malpighiaceae"
"219","pacouriaboliviensis","TRUE","Apocynaceae"
"220","psyttacanthuscucullaris","TRUE","Loranthaceae"
"221","malpighiaceaesp","TRUE","Malpighiaceae"
"222","marsdeniamacrophylla","TRUE","Apocynaceae"
"223","klarobeliacandida","TRUE","Annonaceae"
"224","combretumleprosum","TRUE","Combretaceae"
"225","oenocarpusbataua","TRUE","Arecaceae"
"226","protiumsp1","TRUE","Burseraceae"
"227","xylopialigustrifolia","TRUE","Annonaceae"
"228","cayaponiatubulosa","TRUE","Cucurbitaceae"
"229","zygiasp","TRUE","Fabaceae"
"230","bignoniaceaesp15","TRUE","Bignoniaceae"
"231","orchidaceaesp2","TRUE","Orchidaceae"
"232","phytolaccasp","TRUE","Phytolaccaceae"
"233","acaciasp4","TRUE","Fabaceae"
"234","bignoniaceaesp29","TRUE","Bignoniaceae"
"235","perebeahumilis","TRUE","Moraceae"
"236","myrtaceaesp2","TRUE","Myrtaceae"
"237","turpiniaoccidentalis","TRUE","Staphyleaceae"
"238","leretiacordata","TRUE","Icacinaceae"
"239","acaciasp9","TRUE","Fabaceae"
"240","bauhiniaglabra","TRUE","Fabaceae"
"241","leoniaglycycarpa","TRUE","Violaceae"
"242","mendonciaglabra","TRUE","Acanthaceae"
"243","ficusinsipida","TRUE","Moraceae"
"244","phythecocteniumcrucigerum","TRUE","Bignoniaceae"
"245","dichapetalumaxilaris","TRUE","Dichapetalaceae"
"246","ingaspsmall","TRUE","Fabaceae"
"247","matisiacordata","TRUE","Malvaceae"
"248","pouteriajuruana","TRUE","Sapotaceae"
"249","bignoniaceaesp24","TRUE","Bignoniaceae"
"250","ingaruiziana","TRUE","Fabaceae"
"251","ixoraperuviana","TRUE","Rubiaceae"
"252","ingasp14","TRUE","Fabaceae"
"253","neeasp","TRUE","Nyctaginaceae"
"254","cissussicyoides","TRUE","Ulmaceae"
"255","soroceasteinbachii","TRUE","Moraceae"
"256","bauhiniasp","TRUE","Fabaceae"
"257","neearf11941","TRUE","Nyctaginaceae"
"258","heisteriaovata","TRUE","Olacaceae"
"259","pouteriaephedrantha","TRUE","Sapotaceae"
"260","rolliniapavonii","TRUE","Annonaceae"
"261","menispermaceaesp4","TRUE","Menispermaceae"
"262","annonaceaesp1","TRUE","Annonaceae"
"263","abutasp1","TRUE","Menispermaceae"
"264","curareatecunarum","TRUE","Menispermaceae"
"265","petreaaspera","TRUE","Verbenaceae"
"266","caseariafasiculata","TRUE","Salicaceae"
"267","bignoniaceaesp31","TRUE","Bignoniaceae"
"268","trichiliasp","TRUE","Meliaceae"
"269","anomospermumcloranthum","TRUE","Menispermaceae"
"270","cremastospermapedunculatum","TRUE","Annonaceae"
"271","diospyrossubrotata","TRUE","Ebenaceae"
"272","cedrelaodorata","TRUE","Meliaceae"
"273","bignoniaceaesp36","TRUE","Bignoniaceae"
"274","virolasp","TRUE","Myristicaceae"
"275","cecropiasp","TRUE","Urticaceae"
"276","bignoniaceaesp2","TRUE","Bignoniaceae"
"277","ingasp","TRUE","Fabaceae"
"278","bignoniaceaesp1","TRUE","Bignoniaceae"
"279","asplundiasp","TRUE","Cyclanthaceae"
"280","fevilleacordata","TRUE","Cucurbitaceae"
"281","tabernaemontanasananho","TRUE","Apocynaceae"
"282","cheilocliniumcognatum","TRUE","Celastraceae"
"283","paulliniaobovata","TRUE","Sapindaceae"
"284","cayaponiamacrocalix","TRUE","Cucurbitaceae"
"285","ficuserythrosticta","TRUE","Moraceae"
"286","solanaceae","TRUE","Solanaceae"
"287","terminaliaamazonia","TRUE","Combretaceae"
"288","couepialatifolia","TRUE","Chrysobalanaceae"
"289","acaciaspnarrow","TRUE","Fabaceae"
"290","cissussp","TRUE","Ulmaceae"
"291","acaciaspbroad","TRUE","Fabaceae"
"292","strychnoserichsonii","TRUE","Loganiaceae"
"293","sapindussaponaria","TRUE","Sapindaceae"
"294","paulliniarf11880","TRUE","Sapindaceae"
"295","cavallinesiasp","TRUE","Malvaceae"
"296","caseariaaculeata","TRUE","Salicaceae"
"297","matisiarhombifolia","TRUE","Malvaceae"
"298","ficuspseudokillipii","TRUE","Moraceae"
"299","dalbergiavariabilis","TRUE","Fabaceae"
"300","machaeriumsp","TRUE","Fabaceae"
"301","bauhiniasp2","TRUE","Fabaceae"
"302","naucleopsispseudonaga","TRUE","Moraceae"
"303","richeriagrandis","TRUE","Phyllanthaceae"
"304","smilaxfebrifuga","TRUE","Smilacaceae"
"305","maripaperuviana","TRUE","Convolvulaceae"
"306","icacinaceae","TRUE","Icacinaceae"
"307","clarisiabiflora","TRUE","Moraceae"
"308","huracrepitans","TRUE","Euphorbiaceae"
"309","cymbopetalumlongipes","TRUE","Annonaceae"
"310","fabaceaesp8","TRUE","Fabaceae"
"311","lauraceaesp7","TRUE","Lauraceae"
"312","bactrislacheri","TRUE","Arecaceae"
"313","brosimumutile","TRUE","Moraceae"
"314","ingapunctata","TRUE","Fabaceae"
"315","fabaceaesp4","TRUE","Fabaceae"
"316","machaeriumsp3","TRUE","Fabaceae"
"317","byttneriasp1","TRUE","Malvaceae"
"318","caricamicrocarpa","TRUE","Caricaceae"
"319","bignoniaceaesp","TRUE","Bignoniaceae"
"320","acaciasp6","TRUE","Fabaceae"
"321","fabaceaesp1","TRUE","Fabaceae"
"322","disciphaniaernestii","TRUE","Menispermaceae"
"323","acaciapaniculata","TRUE","Fabaceae"
"324","swartziamyrtifolia","TRUE","Fabaceae"
"325","unonopsismathewsii","TRUE","Annonaceae"
"326","mansoasp2","TRUE","Bignoniaceae"
"327","fabaceaesp9","TRUE","Fabaceae"
"328","clavijatarapotana","TRUE","Primulaceae"
"329","ingasp13","TRUE","Fabaceae"
"330","guapirarf11340","TRUE","Nyctaginaceae"
"331","ingastipularis","TRUE","Fabaceae"
"332","inganobilis","TRUE","Fabaceae"
"333","prestoniasp1","TRUE","Apocynaceae"
"334","tanaeciumnocturnum","TRUE","Bignoniaceae"
"335","serjaniasp3","TRUE","Sapindaceae"
"337","cupaniacinerea","TRUE","Sapindaceae"
"338","batocarpusamazonicus","TRUE","Moraceae"
"339","fabaceaesp","TRUE","Fabaceae"
"340","euphorbiaceae","TRUE","Euphorbiaceae"
"341","serjaniatenuifolia","TRUE","Sapindaceae"
"342","bignoniaceaesp4","TRUE","Bignoniaceae"
"343","doliocarpuscfmajor","TRUE","Dilleniaceae "
"344","bignoniaceaesp11","TRUE","Bignoniaceae"
"345","cucurbitaceaesp1","TRUE","Cucurbitaceae"
"346","pouteriasp","TRUE","Sapotaceae"
"347","serjaniasp","TRUE","Sapindaceae"
"348","vernoniapatens","TRUE","Asteraceae"
"349","nectandralongifolia","TRUE","Lauraceae"
"350","hiraeasp2","TRUE","Malpighiaceae"
"351","guoanialupuloides","TRUE","Rhamnaceae"
"352","sapotaceaesp1","TRUE","Sapotaceae"
"353","soroceapileata","TRUE","Moraceae"
"354","ingaklugii","TRUE","Fabaceae"
"355","ingaspbig","TRUE","Fabaceae"
"356","rhamnidiumelaeocarpum","TRUE","Rhamnaceae"
"357","acaciasp2","TRUE","Fabaceae"
"358","bignoniaceaesp22","TRUE","Bignoniaceae"
"359","eugeniaacrensis","TRUE","Myrtaceae"
"360","ficusregularis","TRUE","Moraceae"
"361","cecropiatessmannii","TRUE","Urticaceae"
"362","ficussp3","TRUE","Moraceae"
"363","cecropiasp1","TRUE","Urticaceae"
"364","rolliniacentrantha","TRUE","Annonaceae"
"365","cecropiaspbrown","TRUE","Urticaceae"
"366","perebeaguianensis","TRUE","Moraceae"
"367","epiphyllumphyllantus","TRUE","Cactaceae"
"368","stizophyllumriparium","TRUE","Bignoniaceae"
"369","passiflorasp3","TRUE","Passifloraceae"
"370","cupaniasp1","TRUE","Sapindaceae"
"371","mascagniasp","TRUE","Malpighiaceae"
"372","laetiaprocera","TRUE","Salicaceae"
"373","mascagniasp1","TRUE","Malpighiaceae"
"374","caseariadecandra","TRUE","Salicaceae"
"375","ingaspmedium","TRUE","Fabaceae"
"376","psychotriasp5","TRUE","Rubiaceae"
"377","bignoniaceaesp37","TRUE","Bignoniaceae"
"378","leguminosaesp3","TRUE","Fabaceae"
"379","heisterianitida","TRUE","Olacaceae"
"380","chrysophyllumargenteum","TRUE","Sapotaceae"
"381","guraniasp2","TRUE","Cucurbitaceae"
"382","ingaedulis","TRUE","Fabaceae"
"383","pseudobombaxseptenatum","TRUE","Malvaceae"
"384","bignoniaceaesp52","TRUE","Bignoniaceae"
"385","virolasp1","TRUE","Myristicaceae"
"386","lauraceaesp5","TRUE","Lauraceae"
"387","tapurasp1","TRUE","Dichapetalaceae"
"388","psychotriasp4","TRUE","Rubiaceae"
"389","odontocaryasp","TRUE","Menispermaceae"
"390","metalepisalbiflora","TRUE","Apocynaceae"
"391","psychotriasp","TRUE","Rubiaceae"
"392","bignoniaceaesp20","TRUE","Bignoniaceae"
"393","psychotriasp2","TRUE","Rubiaceae"
"394","ingasp3","TRUE","Fabaceae"
"395","annonaneglecta","TRUE","Annonaceae"
"396","bignoniaceaesp38","TRUE","Bignoniaceae"
"397","anomospermumreticulatum","TRUE","Menispermaceae"
"398","hiraeasp","TRUE","Malpighiaceae"
"399","ingasp4","TRUE","Fabaceae"
"400","guatteriasp3","TRUE","Annonaceae"
"401","bignoniaceaesp21","TRUE","Bignoniaceae"
"402","bignoniaceaesp40","TRUE","Bignoniaceae"
"403","bignoniaceaesp42","TRUE","Bignoniaceae"
"404","swartziaspredaril","TRUE","Fabaceae"
"405","ingaspgreen","TRUE","Fabaceae"
"406","caseariasp1","TRUE","Salicaceae"
"407","swartziasprf6494","TRUE","Fabaceae"
"408","psychotriasp3","TRUE","Rubiaceae"
"409","cecropiacftesmanii","TRUE","Urticaceae"
"410","moutaubeaaculeata","TRUE","Polygalaceae"
"411","guatteriasp2","TRUE","Annonaceae"
"412","ingasp9","TRUE","Fabaceae"
"413","bignoniaceaesp19","TRUE","Bignoniaceae"
"414","guatteriasp1","TRUE","Annonaceae"
"415","passiflorasp1","TRUE","Passifloraceae"
"416","tapiririaguianensis","TRUE","Anacardiaceae"
"417","capparissp","TRUE","Capparaceae"
"418","chrysophyllumsp1","TRUE","Sapotaceae"
"419","flacourtaceaesp2","TRUE","Salicaceae"
"420","markeasp1","TRUE","Solanaceae"
"421","caseariasp2","TRUE","Salicaceae"
"422","psychotriasp7","TRUE","Rubiaceae"
"423","araceae","TRUE","Araceae"
"424","bignoniaceaesp33","TRUE","Bignoniaceae"
"425","anthuriumgracile","TRUE","Araceae"
"426","arrabideasp","TRUE","Bignoniaceae"
"427","coccolobaperuviana","TRUE","Polygonaceae"
"428","acaciasp3","TRUE","Fabaceae"
"429","tapuraperuviana","TRUE","Dichapetalaceae"
"430","simaroubasp","TRUE","Simaroubaceae"
"431","annonaceaesp","TRUE","Annonaceae"
"432","bunchosiahookeriana","TRUE","Malpighiaceae"
"433","bignoniaceaesp6","TRUE","Bignoniaceae"
"434","bignoniaceaesp18","TRUE","Bignoniaceae"
"435","fevilleasp","TRUE","Cucurbitaceae"
"436","mascagniabenthamiana","TRUE","Malpighiaceae"
"437","guatteriasp4","TRUE","Annonaceae"
"438","ingasp2","TRUE","Fabaceae"
"439","jacarandacopaia","TRUE","Bignoniaceae"
"440","unonopsisfloribunda","TRUE","Annonaceae"
"441","guatteriasp","TRUE","Annonaceae"
"442","bignoniaceaesp12","TRUE","Bignoniaceae"
"443","bignoniaceaesp39","TRUE","Bignoniaceae"
"444","cissussp2","TRUE","Ulmaceae"
"445","bignoniaceaesp30","TRUE","Bignoniaceae"
"446","trichiliasp7","TRUE","Meliaceae"
"447","gnetumleyboldii","TRUE","Gnetaceae"
"448","combretumspgrande","TRUE","Combretaceae"
"449","acaciaspoval","TRUE","Fabaceae"
"450","byrsonimasp1","TRUE","Malpighiaceae"
"451","clavijasp1","TRUE","Primulaceae"
"452","mataybapurgans","TRUE","Sapindaceae"
"453","odontadeniasp1","TRUE","Apocynaceae"
"454","bignoniaceaesp56","TRUE","Bignoniaceae"
"455","bignoniaceaesp59","TRUE","Bignoniaceae"
"456","bignoniaceaesp13","TRUE","Bignoniaceae"
"457","cousareaflava","TRUE","Rubiaceae"
"458","prestoniasp","TRUE","Apocynaceae"
"459","bignoniaceaesp8","TRUE","Bignoniaceae"
"461","fabaceaesp3","TRUE","Fabaceae"
"462","simabasp1","TRUE","Simaroubaceae"
"463","myrtaceaesp","TRUE","Myrtaceae"
"464","protiumsp","TRUE","Burseraceae"
"465","aegiphilasp","TRUE","Verbenaceae"
"466","bignoniaceaesp25","TRUE","Bignoniaceae"
"467","bignoniaceaesp26","TRUE","Bignoniaceae"
"468","ingasp6","TRUE","Fabaceae"
"469","prestoniaplumerifolia","TRUE","Apocynaceae"
"470","ingasp10","TRUE","Fabaceae"
"471","solanumviridipes","TRUE","Solanaceae"
"472","siparunasp1","TRUE","Siparunaceae"
"473","calatolamicrocarpa","TRUE","Icacinaceae"
"474","guareasp","TRUE","Meliaceae"
"475","pouteriaboliviana","TRUE","Sapotaceae"
"476","triplarisamericana","TRUE","Polygonaceae"
"477","alibertiatutumilla","TRUE","Rubiaceae"
"478","bignoniaceaesp43","TRUE","Bignoniaceae"
"479","hiraeasp3","TRUE","Malpighiaceae"
"480","anthuriumsp","TRUE","Araceae"
"481","odontocaryasp1","TRUE","Menispermaceae"
"482","heliconiasp","TRUE","Heliconiaceae"
"483","connaraceaesp1","TRUE","Connaraceae"
"484","mataybasprf","TRUE","Sapindaceae"
"485","combretumspalas","TRUE","Combretaceae"
"486","hirtellaexcelsa","TRUE","Chrysobalanaceae"
"487","clavijaelliptica","TRUE","Primulaceae"
"489","bignoniaceaesp46","TRUE","Bignoniaceae"
"490","genipaamericana","TRUE","Rubiaceae"
"491","peritassasp","TRUE","Celastraceae"
"492","pterocarpusrohrii","TRUE","Fabaceae"
"493","sarcaulisbrasiliensis","TRUE","Sapotaceae"
"494","annonaceaesp3","TRUE","Annonaceae"
"495","minguartiaguianensis","TRUE","Olacaceae"
"496","ingasp12","TRUE","Fabaceae"
"497","bignoniaceaesp58","TRUE","Bignoniaceae"
"498","bignoniaceaesp10","TRUE","Bignoniaceae"
"499","trichiliaquadrijuga","TRUE","Meliaceae"
"500","ingaacrocephala","TRUE","Fabaceae"
"501","lacistemaagregatum","TRUE","Lacistemmaceae"
"502","securidaeavolubilis","TRUE","Polygalaceae"
"503","ingasp8","TRUE","Fabaceae"
"504","canavaliaeuricarpa","TRUE","Fabaceae"
"505","solanaceaesp","TRUE","Solanaceae"
"506","batocarpuscostarriscencis","TRUE","Moraceae"
"507","paulliniasp","TRUE","Sapindaceae"
"508","tabernaemontanapsychotrifolia","TRUE","Apocynaceae"
"509","adenocalymmasp","TRUE","Bignoniaceae"
"510","chamaeodorasp","TRUE","Arecaceae"
"511","cucurbitaceaesp2","TRUE","Cucurbitaceae"
"512","zingiberaceae","TRUE","Zingiberaceae"
"513","convolvulaceaesp","TRUE","Convolvulaceae"
"514","ipomoeaphyllomega","TRUE","Convolvulaceae"
"515","bignoniaceaesp7","TRUE","Bignoniaceae"
"516","lauraceaesp1","TRUE","Lauraceae"
"517","leguminosaesp1","TRUE","Fabaceae"
"518","bignoniaceaesp9","TRUE","Bignoniaceae"
"519","leguminosaesp2","TRUE","Fabaceae"
"520","aracaceae","TRUE","Arecaceae"
"521","virolasp2","TRUE","Myristicaceae"
"522","myrtaceaesp3","TRUE","Myrtaceae"
"523","coccolobasp","TRUE","Polygonaceae"
"524","lauraceaesp3","TRUE","Lauraceae"
"525","trichiliasp1","TRUE","Meliaceae"
"526","bignoniaceaesp16","TRUE","Bignoniaceae"
"527","phytelephas","TRUE","Arecaceae"
"528","rauvolfiapraecox","TRUE","Apocynaceae"
"529","ingaspround","TRUE","Fabaceae"
"530","melothriasp2","TRUE","Cucurbitaceae"
"531","capparismacrophylla","TRUE","Capparaceae"
"532","chrysophyllumsp2","TRUE","Sapotaceae"
"533","caricasp","TRUE","Caricaceae"
"534","mollinediasp1","TRUE","Monimiaceae"
"535","mollinediasp2","TRUE","Monimiaceae"
"536","annonasp1","TRUE","Annonaceae"
"537","psychotriasp1","TRUE","Rubiaceae"
"538","machaeriumrf11440","TRUE","Fabaceae"
"539","hippocrataceasp","TRUE","Celastraceae"
"540","himatanthussucuuba","TRUE","Apocynaceae"
"541","bignoniaceaesp23","TRUE","Bignoniaceae"
"542","siolmatraamazonica","TRUE","Cucurbitaceae"
"543","vataireasp","TRUE","Fabaceae"
"544","rheediamacrophylla","TRUE","Clusiaceae"
"545","myrtaceaespbocamanu","TRUE","Myrtaceae"
"546","protiumtenuifolium","TRUE","Burseraceae"
"547","syngoniumyurimaguensis","TRUE","Araceae"
"548","buchenaviagrandis","TRUE","Combretaceae"
"549","salaciasp","TRUE","Celastraceae"
"550","guatteriadielsiana","TRUE","Annonaceae"
"551","stylocerasbrokawii","TRUE","Buxaceae"
"552","pouteriasp5","TRUE","Sapotaceae"
"553","bignoniaceaesp17","TRUE","Bignoniaceae"
"554","trichiliaseptentrionalis","TRUE","Meliaceae"
"555","cymbopetalumrf","TRUE","Annonaceae"
"556","ingasp1","TRUE","Fabaceae"
"557","serjaniasp2","TRUE","Sapindaceae"
"558","pouteriasp6","TRUE","Sapotaceae"
"559","mollinediarf8323","TRUE","Monimiaceae"
"560","bignoniaceaesptiny","TRUE","Bignoniaceae"
"561","salaciajuruana","TRUE","Celastraceae"
"562","ingasemialata","TRUE","Fabaceae"
"563","dussiatessmannii","TRUE","Fabaceae"
"564","protiumsagotianum","TRUE","Burseraceae"
"565","sterculiasp1","TRUE","Malvaceae"
"566","tryginaeaduckeii","TRUE","Annonaceae"
"567","neeaspruceanum","TRUE","Nyctaginaceae"
"568","hirtellaracemosa","TRUE","Chrysobalanaceae"
"569","protiumsp2","TRUE","Burseraceae"
"570","acaciamacrantha","TRUE","Fabaceae"
"571","chrysobalanaceaesp1","TRUE","Chrysobalanaceae"
"572","davillanitida","TRUE","Dilleniaceae "
"573","swartziaspyellowaril","TRUE","Fabaceae"
"574","rubiaceaesp1","TRUE","Rubiaceae"
"575","cecropiasp2","TRUE","Urticaceae"
"577","heteropsissp1","TRUE","Araceae"
"578","lauraceaesp13","TRUE","Lauraceae"
"579","paulliniaelegans","TRUE","Sapindaceae"
"581","connaruspatrisii","TRUE","Connaraceae"
"582","annonasp2","TRUE","Annonaceae"
"584","pouteriasp2","TRUE","Sapotaceae"
"585","neeachloranthacf","TRUE","Nyctaginaceae"
"586","asteraceaesp1","TRUE","Asteraceae"
"587","endlicheriasp1","TRUE","Lauraceae"
"588","guatteriasp6","TRUE","Annonaceae"
"589","bignoniaceaesp47","TRUE","Bignoniaceae"
"590","guatteriascytophylla","TRUE","Annonaceae"
"591","phyllocarpusriedelii","TRUE","Fabaceae"
"592","guraniasp","TRUE","Cucurbitaceae"
"593","bignoniaceaesp50","TRUE","Bignoniaceae"
"594","bignoniaceaesp48","TRUE","Bignoniaceae"
"595","farameasp1","TRUE","Rubiaceae"
"596","hyospathesp","TRUE","Arecaceae"
"597","rynchosiasp","TRUE","Malpighiaceae"
"598","calatolavenezolana","TRUE","Icacinaceae"
"599","acaciasp10","TRUE","Fabaceae"
"600","bignoniaceaesp51","TRUE","Bignoniaceae"
"601","lauraceaesp12","TRUE","Lauraceae"
"602","bignoniaceaesp57","TRUE","Bignoniaceae"
"603","psychotriasp6","TRUE","Rubiaceae"
"604","menispermaceaesp1","TRUE","Menispermaceae"
"605","lycianthessp1","TRUE","Solanaceae"
"606","bignoniaceaesp5","TRUE","Bignoniaceae"
"607","bignoniaceaesp3","TRUE","Bignoniaceae"
"608","salaciamacrantha","TRUE","Celastraceae"
"609","heliconiamarginata","TRUE","Heliconiaceae"
"610","ingadensifloraaff","TRUE","Fabaceae"
"611","coccolobasp2","TRUE","Polygonaceae"
"615","platymisciumsp1","TRUE","Fabaceae"
"616","ingamathewsii","TRUE","Fabaceae"
"617","ingasp5","TRUE","Fabaceae"
"619","micropholissp","TRUE","Sapotaceae"
"623","micaniamicrantha","TRUE","Asteraceae"
"624","tabernaemontanasp","TRUE","Apocynaceae"
"625","salaciaopacifolia","TRUE","Celastraceae"
"626","byttneriacatalpaefolia","TRUE","Malvaceae"
"627","serjaniasp5","TRUE","Sapindaceae"
"628","serjaniasp4","TRUE","Sapindaceae"
"630","guraniasp1","TRUE","Cucurbitaceae"
"631","capparidaceaespamarilla","TRUE","Capparaceae"
"632","licaniabritteniana","TRUE","Chrysobalanaceae"
"633","moraceaesp","TRUE","Moraceae"
"634","calyptranthes","TRUE","Myrtaceae"
"635","flacourtaceaesp","TRUE","Salicaceae"
"636","casimirellasp","TRUE","Icacinaceae"
"637","pouteriasp7","TRUE","Sapotaceae"
"638","rubiaceaesp2","TRUE","Rubiaceae"
"639","maynaparvifolia","TRUE","Achariaceae"
"640","cordiaucayalensis","TRUE","Boraginaceae"
"641","rolliniasp","TRUE","Annonaceae"
"642","farameaharmsiana","TRUE","Rubiaceae"
"643","ampelocera","TRUE","Ulmaceae"
"644","solanumsp","TRUE","Solanaceae"
"645","annonasp","TRUE","Annonaceae"
"646","orthionsp","TRUE","Violaceae"
"647","odontocaryasp2","TRUE","Menispermaceae"
"648","acanthaceae","TRUE","Acanthaceae"
"649","farameasp1","TRUE","Rubiaceae"
"650","mollinediaracemosa","TRUE","Monimiaceae"
"651","maytenusebenifolia","TRUE","Celastraceae"
"652","socrateaexorriza","TRUE","Arecaceae"
"653","banisteriopsismuricata","TRUE","Malpighiaceae"
"654","clytostomasp","TRUE","Bignoniaceae"
"655","brosimumsp","TRUE","Moraceae"
"656","ingabourgonii","TRUE","Fabaceae"
